plate384,row384,col384,strain,name
1,1,1,ABS,DBVPG3591_1b
1,2,1,ABK,YJM678_1b
1,3,1,CEB,DBVPG1619-4B
1,4,1,AHL,CBS3081
1,5,1,BFG,EXF-5869
1,6,1,CPS,FTPW4
1,7,1,AMN,SJ5L13
1,8,1,CNR,SA.10.1.VR4
1,9,1,ABD,YJM428_1b
1,10,1,AFC,CBS7764
1,11,1,ARP,CBS2270
1,12,1,BAN,HN15
1,13,1,BCB,HE001
1,14,1,BDN,MAJ_G
1,15,1,BCH,HE009
1,16,1,CDV,DBVPG1616-1D
1,1,2,ABE,YJM434_1b
1,2,2,AAM,CLIB192_1b
1,3,2,AHI,CBS6914
1,4,2,AGP,CBS1544
1,5,2,BAA,DJ66
1,6,2,ATV,CECT1462
1,7,2,CLA,CLI_26
1,8,2,ATP,Y5
1,9,2,ARH,CBS1592
1,10,2,ALE,CLQCA_17-060
1,11,2,BCK,HE011
1,12,2,AVL,RIB6008
1,13,2,BGD,CLIB552
1,14,2,BHN,CLIB1410
1,15,2,CGP,SG4
1,16,2,SACE_YCF,YJM1383
1,1,3,ACG,CLIB413_1b
1,2,3,ABP,CECT10109_1b
1,3,3,CEV,IFO_0289:4-3(b)
1,4,3,AAK,CBS4093a
1,5,3,BFM,EXF-6835
1,6,3,ASH,CLIB227
1,7,3,AVS,CH14
1,8,3,SACE_YBO,YJM1244
1,9,3,SACE_GAP,L1528
1,10,3,AFE,CBS8291
1,11,3,ARS,CBS2421
1,12,3,AVK,L-1194
1,13,3,BCP,HE016
1,14,3,BAL,HN6
1,15,3,BGF,CLIB554
1,16,3,CEQ,MUCL_30909-2C
1,1,4,ABM,CBS3093_1b
1,2,4,AAQ,CLIB272_2
1,3,4,AHM,CBS3093
1,4,4,CDK,CCY_21-4-93:6B
1,5,4,BNG,DBVPG1085
1,6,4,AVQ,CH10
1,7,4,CNK,SA.1.5.
1,8,4,AVC,CECT10711
1,9,4,ARQ,CBS2271
1,10,4,AMB,IY_03-5-30-1-1-1_(1)
1,11,4,BBF,CCY_21-4-102
1,12,4,BBI,CCY_21-4-120
1,13,4,BGR,CLIB564
1,14,4,BIF,DBVPG1076
1,15,4,CHB,Lib54
1,16,4,SACE_YCP,YJM1415
1,1,5,ACV,WE372_1b
1,2,5,ACM,Y9_4
1,3,5,BRM,DBVPG6590
1,4,5,AHN,CBS5635
1,5,5,BBG,CCY_21-4-106
1,6,5,AVN,CH02
1,7,5,AEC,CBS1248
1,8,5,SACE_YDB,YJM1463
1,9,5,SACE_MAL,UWOPS05_227_2
1,10,5,AFS,CBS1173
1,11,5,ASB,CBS4255
1,12,5,BAQ,HN19
1,13,5,BDV,CEY620
1,14,5,BCI,HE010
1,15,5,BGH,CLIB556
1,16,5,CFE,WLP099
1,1,6,ABT,DBVPG4651_1b
1,2,6,AAR,CLIB382_1b
1,3,6,AHS,CBS1419
1,4,6,CEM,CCY_21-4-89:7-3
1,5,6,BTB,77
1,6,6,AVT,CH13
1,7,6,ATC,YJM308
1,8,6,AVD,CECT10712
1,9,6,ART,CBS2808
1,10,6,AMF,ES2M03
1,11,6,BDS,CEY618
1,12,6,BDH,#59
1,13,6,BIP,DBVPG1125
1,14,6,BGK,CLIB558
1,15,6,NA,NA
1,16,6,CFT,UCD_40-346
1,1,7,ADF,YPS1009_b
1,2,7,ACR,DBVPG1339_1b
1,3,7,BVE,SM.9.1.BL7
1,4,7,AHQ,CBS440
1,5,7,CFC,WLP530
1,6,7,BEM,CLIB653
1,7,7,JLK,460
1,8,7,ATM,UC10
1,9,7,SACE_MAA,273614N
1,10,7,AGA,CBS3012
1,11,7,ASD,CBS4507
1,12,7,BDT,CEY619
1,13,7,AVM,RIB6009
1,14,7,BGV,CLIB649
1,15,7,BFS,CLIB546
1,16,7,SACE_YCC,YJM1355
1,1,8,ACH,CLIB483_1b
1,2,8,ABF,YJM436_1b
1,3,8,AIB,CBS2805
1,4,8,ASM,CLIB409
1,5,8,CIE,Ponton 13
1,6,8,JLQ,GUF54-A1
1,7,8,ATN,Y4
1,8,8,SACE_YBB,YJM978
1,9,8,ARV,CBS2965
1,10,8,ANT,RIB0003
1,11,8,BBH,CCY_21-4-119
1,12,8,BAT,PB94
1,13,8,BGS,CLIB631
1,14,8,BHC,CLIB1040
1,15,8,BMF,269521J
1,16,8,CGI,Me7
1,1,9,ADN,K1_1
1,2,9,ACS,I14_1b
1,3,9,AQT,CBS1230
1,4,9,AHR,CBS1227
1,5,9,CFM,WLP090
1,6,9,BRQ,DBVPG6695
1,7,9,CPB,995
1,8,9,AAN,CLIB274_1
1,9,9,APQ,CBS400
1,10,9,AGE,CBS1385
1,11,9,AEL,CBS1394
1,12,9,BCD,HE005
1,13,9,BCC,HE004
1,14,9,BKK,DBVPG1555
1,15,9,BLH,DBVPG1626
1,16,9,SACE_YBE,YJM987
1,1,10,AEQ,CBS1782
1,2,10,ABQ,DBVPG1788_1b
1,3,10,AIC,CBS2807
1,4,10,ABV,DBVPG6861
1,5,10,AEB,CBS1171
1,6,10,JLV,L1414
1,7,10,ATQ,CECT10497
1,8,10,SACE_MAB,378604X
1,9,10,AIF,CBS457
1,10,10,API,YS20
1,11,10,BBK,CCY_21-4-121
1,12,10,BBL,IMB-53
1,13,10,BFV,CLIB548
1,14,10,BKN,DBVPG1580
1,15,10,BMK,YJM990
1,16,10,CHF,Lib73
1,1,11,AAB,CBS422a
1,2,11,ADB,Y9J_1b
1,3,11,ALV,21-4-124
1,4,11,AHT,CBS1460
1,5,11,CFP,WLP565
1,6,11,JLA,MUCL42908
1,7,11,SACE_YBM,YJM1208
1,8,11,ADK,CLIB208_1
1,9,11,APR,CBS403
1,10,11,AHP,CBS5835
1,11,11,AAL,CBS1236-a
1,12,11,BAV,PB137
1,13,11,BCQ,HE020
1,14,11,BHB,CLIB889
1,15,11,BGN,CLIB561
1,16,11,CGR,VL5
1,1,12,AES,CBS4054
1,2,12,ACI,Y10_1b
1,3,12,AIE,CBS2910
1,4,12,AQH,CBS7957
1,5,12,BFE,EXF-5734
1,6,12,CMN,RIB0007
1,7,12,AVH,CECT1478
1,8,12,AQR,CBS1190
1,9,12,AKL,K12
1,10,12,BFH,EXF-5871
1,11,12,BCT,#05
1,12,12,BEB,CEY622
1,13,12,CDN,UCD_61-190-6A
1,14,12,BKQ,DBVPG1584
1,15,12,BNM,DBVPG1711
1,16,12,BPF,DBVPG1832
1,1,13,AEM,CBS2973
1,2,13,ADE,PW5_b
1,3,13,BDE,#14
1,4,13,CBK,1
1,5,13,BML,NCYC_2780
1,6,13,JLB,VKMY373
1,7,13,SACE_YCT,YJM1433
1,8,13,APV,CBS1250
1,9,13,AQB,CBS5112
1,10,13,AIP,MC6
1,11,13,AGG,CBS1480
1,12,13,BBM,908
1,13,13,BEA,CEY621
1,14,13,BHP,CLIB1411
1,15,13,CER,N34:2-4(a)
1,16,13,CHE,Lib71
1,1,14,AET,CBS6007
1,2,14,ACN,YJM269_1b
1,3,14,BIQ,DBVPG1126
1,4,14,ASA,CBS4092
1,5,14,BCR,#23
1,6,14,CNV,RP11.4.14
1,7,14,ASN,CLIB630
1,8,14,ARG,CBS1576
1,9,14,ALP,21-4-105
1,10,14,BFN,EXF-7145
1,11,14,BDL,CLQCA_10-386
1,12,14,BAK,BJ20
1,13,14,CED,DBVPG1621-5A
1,14,14,CDS,CECT10351-1B
1,15,14,BNT,DBVPG1772
1,16,14,BPG,DBVPG1841
1,1,15,AAG,CBS428a
1,2,15,AEI,CBS1428
1,3,15,BEI,CLIB650
1,4,15,CLQ,UC5
1,5,15,BRP,DBVPG6694
1,6,15,JLL,Antille 390
1,7,15,SACE_YCV,YJM1439
1,8,15,AQE,CBS6006
1,9,15,AQC,CBS5155
1,10,15,AMH,EN14S01
1,11,15,AKT,CLQCA_10-003
1,12,15,BCS,#03
1,13,15,BDI,#60
1,14,15,BIG,DBVPG1080
1,15,15,SACE_YAZ,YJM972
1,16,15,BQH,DBVPG3100
1,1,16,AFG,CBS1387
1,2,16,ACT,UC8_1b
1,3,16,CDA,S8BM-32-4D(a)
1,4,16,AKD,NPA05b1
1,5,16,BEK,CLIB651
1,6,16,CPA,906
1,7,16,ADS,T73_1b
1,8,16,ASE,CBS4667
1,9,16,ALS,21-4-116
1,10,16,BDQ,CEY616
1,11,16,BCG,HE008
1,12,16,BDA,#34
1,13,16,CET,N134:7-1(a)
1,14,16,CEN,ATCC_38618:2-2
1,15,16,BPB,DBVPG1795
1,16,16,BPH,DBVPG1843
1,1,17,AAH,CBS1388a
1,2,17,AFL,CBS4456
1,3,17,BEN,CLIB654
1,4,17,ATB,Y1
1,5,17,BTD,YS5(E)
1,6,17,JLX,6464
1,7,17,SACE_YDH,YJM1549
1,8,17,AQP,CBS462
1,9,17,AQD,CBS5378
1,10,17,APF,RIB1004
1,11,17,ALD,CLQCA_13-023
1,12,17,BDK,#63
1,13,17,BCE,HE006
1,14,17,BLF,DBVPG1615
1,15,17,CGG,TayTa
1,16,17,CBH,DBVPG3051
1,1,18,AFH,CBS1509
1,2,18,ADC,UC1_1b
1,3,18,CEA,DBVPG1617-5A
1,4,18,AVV,DJ65
1,5,18,CGC,UCD_06-645
1,6,18,CQA,FTPW32
1,7,18,AQG,CBS7539
1,8,18,AFA,CBS6503
1,9,18,ALT,21-4-122
1,10,18,BCL,HE012
1,11,18,BCV,#33
1,12,18,BDB,#35
1,13,18,SACE_YAG,YJM271
1,14,18,SACE_YDO,YJM1129
1,15,18,BSG,DBVPG6295
1,16,18,BTF,YS22(E)
1,1,19,AHH,CBS3000
1,2,19,AGT,CBS3078
1,3,19,BHA,CLIB655
1,4,19,APN,YS19
1,5,19,BTE,YS8(E)
1,6,19,CNI,SM.8.8.CVR1
1,7,19,ATR,CECT10120
1,8,19,ARC,CBS1257
1,9,19,AQM,CBS420
1,10,19,BBE,CCY_21-4-98
1,11,19,APA,RIB0005
1,12,19,BEC,CEY623
1,13,19,BCF,HE007
1,14,19,BLK,DBVPG1631
1,15,19,BNF,DBVPG1078
1,16,19,CBN,NCYC_88
1,1,20,AGL,CBS4458
1,2,20,AEG,CBS7962
1,3,20,BRL,DBVPG6350
1,4,20,BBT,2281
1,5,20,BMM,2680
1,6,20,CQR,RIB1007
1,7,20,AQN,CBS435
1,8,20,AFK,CBS2992
1,9,20,ANA,DBVPG6696
1,10,20,BDD,#13
1,11,20,BEE,CEY625
1,12,20,BEH,CLIB415
1,13,20,SACE_YAK,YJM450
1,14,20,SACE_YAP,YJM541
1,15,20,CLR,RIB1008
1,16,20,CID,Ponton 12
1,1,21,AHK,CBS2247
1,2,21,AHB,CBS4734
1,3,21,BMG,NCYC_2925
1,4,21,BBC,CCY_21-4-88
1,5,21,CBF,SD-15
1,6,21,CNM,SA.9.3.VR1
1,7,21,ATS,CECT10131
1,8,21,ARI,CBS1593
1,9,21,AQS,CBS1196
1,10,21,BBS,2187
1,11,21,BDR,CEY617
1,12,21,BAH,SX3
1,13,21,BED,CEY624
1,14,21,BLR,DBVPG1973
1,15,21,BNR,DBVPG1725
1,16,21,CKV,CLI_25
1,1,22,AHG,CBS1586
1,2,22,AAE,CBS2806a
1,3,22,ARN,CBS2246
1,4,22,BPR,DBVPG1919
1,5,22,BSI,DBVPG6693
1,6,22,Sigma,?1278b
1,7,22,AAD,CBS436a
1,8,22,AFP,CBS6505
1,9,22,ANP,UWOPS83-883-2
1,10,22,BBV,2282
1,11,22,BBD,CCY_21-4-97
1,12,22,BLA,DBVPG1599
1,13,22,CFQ,UCD_40-235
1,14,22,SACE_YBF,YJM980
1,15,22,CLT,RIB1011
1,16,22,CIQ,CLI_4
1,1,23,AIG,CBS1463
1,2,23,AHF,CBS1540
1,3,23,ANL,A-6
1,4,23,BME,368428S
1,5,23,CKK,CLI_16
1,6,23,CNP,SA.9.4.BR2
1,7,23,ASL,CLIB340
1,8,23,AEN,CBS4454
1,9,23,ARK,CBS1602
1,10,23,BDC,#36
1,11,23,BCM,HE013
1,12,23,BBQ,2162
1,13,23,BBP,1663
1,14,23,BLS,DBVPG1975
1,15,23,NA,NA
1,16,23,NA,NA
1,1,24,AAI,CBS2966a
1,2,24,AGK,CBS2361
1,3,24,ALR,21-4-114
1,4,24,AMQ,SJ5L15
1,5,24,CKS,CLI_23
1,6,24,SK1,SK1
1,7,24,AQQ,CBS1175
1,8,24,AKI,DBVPG6044
1,9,24,APD,RIB1002
1,10,24,BCA,2644
1,11,24,BDP,CEY615
1,12,24,BIS,DBVPG1129
1,13,24,CGN,SGB1
1,14,24,SACE_YCD,YJM1356
1,15,24,NA,NA
1,16,24,NA,NA
2,1,1,AAS,YJM145_b
2,2,1,ABB,YJM413_b
2,3,1,AGS,CBS3013
2,4,1,JLO,VPDN_Fino
2,5,1,CNQ,SA.10.1.VL1
2,6,1,SACE_YDC,YJM1477
2,7,1,SACE_YBP,YJM1248
2,8,1,BEG,CLIB414
2,9,1,ARM,CBS2188
2,10,1,CDG,N3.00-7A
2,11,1,APL,YS11(E)
2,12,1,SACE_YAX,YJM693
2,13,1,BAI,BJ6
2,14,1,BPP,DBVPG1898
2,15,1,SACE_YAB,YJM193
2,16,1,CBI,DBVPG4036
2,1,2,ABA,YJM326_b
2,2,2,AAT,YJM280_b
2,3,2,CGH,VNL3
2,4,2,CQN,MTF2556
2,5,2,CQM,MTF2555
2,6,2,ALA,CLQCA_10-619
2,7,2,AIQ,MC7
2,8,2,BIH,DBVPG1105
2,9,2,BET,EXF-5247
2,10,2,SACE_YDM,YJM1078
2,11,2,BGT,CLIB648
2,12,2,BNA,CEY650
2,13,2,CCV,S8BM-30-2D
2,14,2,BTC,79
2,15,2,BMV,CEY649
2,16,2,CIR,CLI_5
2,1,3,AAV,YJM320b
2,2,3,ABC,YJM421_b
2,3,3,AHD,CBS1192
2,4,3,JLP,07-juil
2,5,3,CPE,1216
2,6,3,SACE_YDJ,YJM1574
2,7,3,W303,W303
2,8,3,BHG,CLIB1070
2,9,3,ASG,CBS1489
2,10,3,CDH,N159.01-2B
2,11,3,BFB,EXF-5287
2,12,3,SACE_YBG,YJM993
2,13,3,BBB,PB200
2,14,3,BSN,SG60
2,15,3,SACE_YAE,YJM248
2,16,3,CHV,SRC 120
2,1,4,ABI,YJM653_1b
2,2,4,ACC,YPS1000_1b
2,3,4,JLC,KS11
2,4,4,CQP,MTF2557
2,5,4,NA,NA
2,6,4,ALQ,21-4-111
2,7,4,AIR,MC8
2,8,4,BLL,DBVPG1632
2,9,4,BFA,EXF-5284
2,10,4,SACE_YBK,YJM1199
2,11,4,BIE,DBVPG1074
2,12,4,BMQ,2720
2,13,4,CDC,N37-1A
2,14,4,BTP,L-1198
2,15,4,BNV,DBVPG1790
2,16,4,CIS,CLI_6
2,1,5,ABH,YJM454_1b
2,2,5,AEF,CBS6414
2,3,5,AMA,21-4-125
2,4,5,JLW,MC N 1500 3C
2,5,5,CPF,1235
2,6,5,AII,C6.1
2,7,5,CEN.PK,CEN.PK
2,8,5,BKF,DBVPG1473
2,9,5,AID,CBS2909
2,10,5,CEE,DBVPG1622-8B
2,11,5,BFC,EXF-5295
2,12,5,SACE_YBU,YJM1307
2,13,5,BBR,2163
2,14,5,BSS,L-960
2,15,5,SACE_YAM,YJM453
2,16,5,CII,PB13
2,1,6,ABR,DBVPG1794_1b
2,2,6,ADT,CBS7765
2,3,6,JLM,F25
2,4,6,AMP,SJ5L14
2,5,6,NA,NA
2,6,6,AND,YPS133
2,7,6,AKM,UWOPS03-461.4
2,8,6,BLM,DBVPG1656
2,9,6,BFD,EXF-5297
2,10,6,SACE_YBQ,YJM1250
2,11,6,BIT,DBVPG1145
2,12,6,BPN,DBVPG1895
2,13,6,CDD,N38-4A
2,14,6,CRI,AGME_5I
2,15,6,BSD,DBVPG6879
2,16,6,CKB,CLI_10
2,1,7,ABL,CBS2888_1b
2,2,7,AER,CBS2970
2,3,7,BRG,DBVPG5836
2,4,7,CMM,RIB6007
2,5,7,CPG,1560
2,6,7,AKG,NPA06.1
2,7,7,RM-11,RM11
2,8,7,BKT,DBVPG1596
2,9,7,AIT,MC10
2,10,7,CEG,EM14S01-3B
2,11,7,BFP,EXF-7197
2,12,7,SACE_YCE,YJM1381
2,13,7,BIR,DBVPG1127
2,14,7,BST,L-962
2,15,7,SACE_YAQ,YJM554
2,16,7,CIK,PB14
2,1,8,ACD,YPS163_1b
2,2,8,AFM,CBS6412
2,3,8,JLN,FS2D
2,4,8,ASS,M5
2,5,8,SACE_YDD,YJM1478
2,6,8,ANE,YPS134
2,7,8,AKP,CLQCA_02-003
2,8,8,CCM,N493-2C
2,9,8,BFL,EXF-6780
2,10,8,SACE_YBV,YJM1311
2,11,8,BLD,DBVPG1608
2,12,8,BPQ,DBVPG1918
2,13,8,CDE,N39-7A
2,14,8,CRK,E1-6
2,15,8,BTR,L-1201
2,16,8,CKM,CLI_18
2,1,9,ACK,Y12_1b
2,2,9,AGF,CBS1479
2,3,9,CMG,RIB6002
2,4,9,CNH,SM.8.8.BL1
2,5,9,CPI,LCBG-3D6
2,6,9,AKR,CLQCA_05-006
2,7,9,SACE_YDF,YJM1526
2,8,9,BIB,DBVPG1041
2,9,9,AKQ,CLQCA_04-021
2,10,9,CEK,JCM_2985-4B
2,11,9,APM,YS15
2,12,9,CFR,UCD_40-248
2,13,9,BFT,CLIB547
2,14,9,CQT,L-982
2,15,9,SACE_YAY,YJM969
2,16,9,CIV,CLI_8
2,1,10,ACF,CLIB294_1b
2,2,10,AFR,CBS7959
2,3,10,JLT,TS12-A7
2,4,10,ATE,YJM627
2,5,10,SACE_YDE,YJM1479
2,6,10,ANF,YPS139
2,7,10,ALH,CLQCA_19-011
2,8,10,CCT,S11F3-6B
2,9,10,BAM,HN10
2,10,10,SACE_YBY,YJM1336
2,11,10,BKA,DBVPG1163
2,12,10,BQS,DBVPG4410
2,13,10,CES,N26-1-10:7-5(a)
2,14,10,BVM,SA6-31
2,15,10,BTS,RIB1005
2,16,10,CKN,CLI_19
2,1,11,ADA,Y55_1b
2,2,11,AGN,CBS439
2,3,11,CFD,WLP001
2,4,11,CPC,997
2,5,11,CPT,FTPW3
2,6,11,ALI,CLQCA_20-060
2,7,11,ASP,B1
2,8,11,BKG,DBVPG1490
2,9,11,ALB,CLQCA_10-620
2,10,11,CEL,JCM_3529-7B
2,11,11,AVI,YPS163
2,12,11,CFV,UCD_40-49
2,13,11,BHR,CLIB1413
2,14,11,BTI,ZP_611
2,15,11,SACE_YDN,YJM1083
2,16,11,CKG,UL G84F88I90
2,1,12,ACL,Y3_1b
2,2,12,AGC,CBS2444
2,3,12,CMT,SM.9.4.BR2
2,4,12,ARL,CBS2087
2,5,12,ASV,M9
2,6,12,ANI,YPS143
2,7,12,ALK,CLQCA_24SC-235
2,8,12,CDB,ATCC_66348-1D
2,9,12,BAR,PB56
2,10,12,SACE_YCG,YJM1385
2,11,12,BII,DBVPG1106
2,12,12,BRA,DBVPG4651
2,13,12,SACE_YBH,YJM996
2,14,12,CQV,CD7-9Sv2
2,15,12,CBE,D-21
2,16,12,CKP,CLI_20
2,1,13,ADG,NC_02_b
2,2,13,Reference,FY4
2,3,13,AVP,CH06
2,4,13,CPD,1175
2,5,13,CQB,FTPW35
2,6,13,ALM,21-4-101
2,7,13,ASR,M1
2,8,13,BLB,DBVPG1601
2,9,13,ALC,CLQCA_11-024
2,10,13,CEP,ATCC_52922-1C
2,11,13,BAP,HN16
2,12,13,CGQ,RR1a
2,13,13,BHE,CLIB1060
2,14,13,CRC,Ba-215
2,15,13,CHD,Lib70
2,16,13,CKH,ultra lev. 1127
2,1,14,ACP,CLIB154_1b
2,2,14,AHC,CBS7963
2,3,14,CNS,RP11.4.1
2,4,14,AFV,CBS2814
2,5,14,ATA,PR
2,6,14,BEP,EXF-3387
2,7,14,ALL,21/04/1999
2,8,14,CDI,N163.01-5A
2,9,14,BEF,CLIB413
2,10,14,CGL,BMQ557
2,11,14,BKP,DBVPG1581
2,12,14,BRH,DBVPG6223
2,13,14,SACE_YBR,YJM1252
2,14,14,CAR,A-9
2,15,14,CIH,PB12
2,16,14,CLG,NCYC_2966
2,1,15,ADV,CBS7903
2,2,15,AHE,CBS1194
2,3,15,JLD,OakRom3_2
2,4,15,CPK,LCBG-Mosca3
2,5,15,CQC,MTF2546
2,6,15,ANH,YPS142
2,7,15,AST,M6
2,8,15,BLC,DBVPG1606
2,9,15,ALG,CLQCA_18-003
2,10,15,CFA,Dji2-2A(a)
2,11,15,BDF,#57
2,12,15,CHC,Lib61
2,13,15,BHS,CLIB1414
2,14,15,CAN,08-mars
2,15,15,BNL,DBVPG1708
2,16,15,CKI,CLI_15
2,1,16,ADH,T7_b
2,2,16,JLJ,376
2,3,16,CPM,LCBG-3D2
2,4,16,AGI,CBS1590
2,5,16,ATD,YJM339
2,6,16,BHH,CLIB1071
2,7,16,ALN,21-4-103
2,8,16,CDT,CECT10171-5B
2,9,16,BKE,DBVPG1380
2,10,16,CGS,Ca6
2,11,16,BKC,DBVPG1339
2,12,16,BRK,DBVPG6302
2,13,16,SACE_YBX,YJM1332
2,14,16,CAS,B-17
2,15,16,CIP,CLI_3
2,16,16,CLL,K10
2,1,17,AEH,CBS7964
2,2,17,BCN,HE015
2,3,17,JLH,309
2,4,17,CPL,LCBG-4Y3
2,5,17,CQD,MTF2547
2,6,17,BES,EXF-5046
2,7,17,SACE_YCS,YJM1419
2,8,17,BKL,DBVPG1564
2,9,17,AMM,SJ5L12
2,10,17,SACE_YAA,YJM189
2,11,17,BAS,PB67
2,12,17,NA,NA
2,13,17,BIK,DBVPG1107
2,14,17,CAP,11-f_vr
2,15,17,BQT,DBVPG4460
2,16,17,CKL,CLI_17
2,1,18,AFD,CBS7960
2,2,18,JLS,TA12-2
2,3,18,CPQ,LCBG-3D4
2,4,18,AIK,C15.1
2,5,18,ATH,UC4
2,6,18,BHI,CLIB1072
2,7,18,ANC,YPS129
2,8,18,CEF,DBVPG1623-2A
2,9,18,BKS,DBVPG1595
2,10,18,NA,NA
2,11,18,BGA,CLIB549
2,12,18,BSC,DBVPG6878
2,13,18,CGE,UCD_11-601
2,14,18,CBD,B-11
2,15,18,CIT,CLI_7
2,16,18,CLM,K13
2,1,19,AFI,CBS2183
2,2,19,AKC,NPA05a1
2,3,19,JLU,K1-28-2B
2,4,19,CQG,MTF2550
2,5,19,CQH,MTF2551
2,6,19,BEV,EXF-5248
2,7,19,SACE_YBA,YJM975
2,8,19,BKM,DBVPG1577
2,9,19,ANK,YPS154
2,10,19,SACE_YAC,YJM195
2,11,19,BAF,DJ74
2,12,19,BMN,2698
2,13,19,BHF,CLIB1062
2,14,19,CAQ,05-f_vr
2,15,19,CHR,SC 29 F.
2,16,19,CKR,CLI_22
2,1,20,AFQ,CBS7993
2,2,20,JLY,F12-3B
2,3,20,CQE,MTF2548
2,4,20,AKB,NPA07.1
2,5,20,AIL,C10.4
2,6,20,BID,DBVPG1058
2,7,20,ANR,RIB0001
2,8,20,SACE_YAR,YJM555
2,9,20,BGC,CLIB551
2,10,20,NA,NA
2,11,20,BHT,CLIB1083
2,12,20,BSE,DBVPG6880
2,13,20,CGV,Lib51
2,14,20,CBM,3
2,15,20,CLH,NCYC_2743
2,16,20,CLS,RIB1010
2,1,21,AGH,CBS1582
2,2,21,CRE,CLQCA_17-111
2,3,21,CNL,SA.9.2.BL3
2,4,21,CQK,MTF2553
2,5,21,CQQ,RIB1006
2,6,21,BFK,EXF-6761
2,7,21,APT,CBS459
2,8,21,CCN,VKM_Y-504:S
2,9,21,APC,RIB1001
2,10,21,SACE_YAD,YJM244
2,11,21,BAG,SX1
2,12,21,BNI,DBVPG1699
2,13,21,CFB,ho_SB
2,14,21,CAT,C-12
2,15,21,CIG,PB11
2,16,21,CLN,K14
2,1,22,APG,VF8_(6)
2,2,22,CNG,SM.8.7.BR1
2,3,22,CQI,MTF2552
2,4,22,AKN,YPS128
2,5,22,AIM,E4
2,6,22,BKI,DBVPG1554
2,7,22,ANV,RIB0004
2,8,22,SACE_YAU,YJM682
2,9,22,BGQ,CLIB563
2,10,22,NA,NA
2,11,22,BLP,DBVPG1661
2,12,22,BSL,M57
2,13,22,CHA,Lib52
2,14,22,CIL,PB15
2,15,22,CME,RIB1017
2,16,22,CML,RIB6006
2,1,23,AGR,CBS1594
2,2,23,CFS,UCD_40-255
2,3,23,CNN,SA.9.4.VL4
2,4,23,SACE_YBN,YJM1242
2,5,23,APH,M1.1
2,6,23,BDG,#58
2,7,23,ARE,CBS1398
2,8,23,CDF,N22.00-5D
2,9,23,APE,RIB1003
2,10,23,SACE_YAN,YJM456
2,11,23,BBA,PB197
2,12,23,BPA,DBVPG1792
2,13,23,CFF,WLP570
2,14,23,CBB,01-Sep
2,15,23,NA,NA
2,16,23,NA,NA
2,1,24,ASC,CBS4455
2,2,24,CQF,MTF2549
2,3,24,CQL,MTF2554
2,4,24,AKV,CLQCA_10-027
2,5,24,AIN,MC5
2,6,24,BLE,DBVPG1611
2,7,24,BER,EXF-5042
2,8,24,SACE_YAV,YJM683
2,9,24,BIA,DBVPG1029
2,10,24,BMD,384103A
2,11,24,BLQ,DBVPG1669
2,12,24,BSM,SGU89
2,13,24,BLV,DBVPG3022
2,14,24,CIM,CLI_1
2,15,24,NA,NA
2,16,24,NA,NA
3,1,1,AVB,CECT10266
3,2,1,ABG,YJM440_1b
3,3,1,SACE_YCU,YJM1434
3,4,1,AEE,CBS2441
3,5,1,BHL,CLIB1082
3,6,1,BAC,DJ70
3,7,1,CEH,ES2M03-7A
3,8,1,CFI,WLP013
3,9,1,NA,NA
3,10,1,ADP,Y6_b
3,11,1,BRF,DBVPG5760
3,12,1,BGG,CLIB555
3,13,1,CAK,A-16
3,14,1,BMI,YJM989
3,15,1,CIC,Ponton 11
3,16,1,NA,NA
3,1,2,AFN,CBS6413
3,2,2,NA,NA
3,3,2,CLD,STG_3
3,4,2,NA,NA
3,5,2,SACE_YCK,YJM1389
3,6,2,NA,NA
3,7,2,BMR,CEY646
3,8,2,NA,NA
3,9,2,BQE,DBVPG2166
3,10,2,NA,NA
3,11,2,BTT,M.9.1
3,12,2,NA,NA
3,13,2,CAB,11-ao_t
3,14,2,NA,NA
3,15,2,CHS,SC 32 F.
3,16,2,NA,NA
3,1,3,AGV,CBS6223
3,2,3,ACQ,CLIB219_2b
3,3,3,SACE_YDI,YJM1573
3,4,3,AHA,CBS6333
3,5,3,BHQ,CLIB1412
3,6,3,BAD,DJ71
3,7,3,SACE_YAF,YJM270
3,8,3,CPN,LCBG-3Y3
3,9,3,BMA,UWOPS03-429.1
3,10,3,AEP,CBS1508
3,11,3,BSB,DBVPG6877
3,12,3,BGI,CLIB557
3,13,3,CAL,A-19
3,14,3,BNE,DBVPG1057
3,15,3,CIF,Ponton 14
3,16,3,NA,NA
3,1,4,AGM,CBS7961
3,2,4,NA,NA
3,3,4,BIN,DBVPG1123
3,4,4,NA,NA
3,5,4,SACE_YCL,YJM1399
3,6,4,NA,NA
3,7,4,CQS,CEY647
3,8,4,NA,NA
3,9,4,BQG,DBVPG3098
3,10,4,NA,NA
3,11,4,BVA,RP.10.4
3,12,4,NA,NA
3,13,4,CAC,A-12
3,14,4,NA,NA
3,15,4,CIN,CLI_2
3,16,4,NA,NA
3,1,5,BTA,NCYC_2798
3,2,5,ADD,IL_01_b
3,3,5,SACE_YDK,YJM1592
3,4,5,AHV,CBS1487
3,5,5,BLG,DBVPG1625
3,6,5,ARB,CBS1254
3,7,5,SACE_YAT,YJM681
3,8,5,CPR,LCBG-3Y8
3,9,5,BND,CEY653
3,10,5,AEV,CBS6216
3,11,5,BSP,L-1183
3,12,5,BGL,CLIB559
3,13,5,CAM,09-juil
3,14,5,BNH,DBVPG1685
3,15,5,CKA,CLI_9
3,16,5,NA,NA
3,1,6,JLE,ZP848
3,2,6,NA,NA
3,3,6,BIL,DBVPG1108
3,4,6,NA,NA
3,5,6,SACE_YCN,YJM1401
3,6,6,NA,NA
3,7,6,BNB,CEY651
3,8,6,NA,NA
3,9,6,BQI,DBVPG3924
3,10,6,NA,NA
3,11,6,BVB,RP.10.13
3,12,6,NA,NA
3,13,6,CAD,18-Nov
3,14,6,NA,NA
3,15,6,CKE,CLI_13
3,16,6,NA,NA
3,1,7,JLG,OakBdx21-1
3,2,7,ADI,YJM981_b
3,3,7,AMC,IY_03-5-26-5-1-1_(1)
3,4,7,AMG,SJ7L01
3,5,7,BKD,DBVPG1374
3,6,7,AVR,CH11
3,7,7,SACE_YBJ,YJM1190
3,8,7,SACE_YCJ,YJM1388
3,9,7,BNN,DBVPG1712
3,10,7,SACE_GAS,UWOPS83-787_3
3,11,7,BSR,L-958
3,12,7,BFQ,CLIB484
3,13,7,CAV,B-13
3,14,7,BNK,DBVPG1701
3,15,7,CKC,CLI_11
3,16,7,NA,NA
3,1,8,JLF,ZP851
3,2,8,NA,NA
3,3,8,CCL,N19-1C
3,4,8,NA,NA
3,5,8,SACE_YCO,YJM1402
3,6,8,NA,NA
3,7,8,BNC,CEY652
3,8,8,NA,NA
3,9,8,BQM,DBVPG4162
3,10,8,NA,NA
3,11,8,BVD,SM.9.1.AL1
3,12,8,NA,NA
3,13,8,CAE,B-4
3,14,8,NA,NA
3,15,8,CKF,CLI_14
3,16,8,NA,NA
3,1,9,JLI,245
3,2,9,ADR,M22_1b
3,3,9,AMD,ES4M07
3,4,9,AMI,SJ1L04
3,5,9,BKR,DBVPG1594
3,6,9,CFN,WLP006
3,7,9,SACE_YBL,YJM1202
3,8,9,APS,CBS423
3,9,9,BPI,DBVPG1848
3,10,9,SACE_GAT,UWOPS87-2421
3,11,9,BTG,ZP_567
3,12,9,BFR,CLIB485
3,13,9,CBA,A-14
3,14,9,BMH,YJM984
3,15,9,CKD,CLI_12
3,16,9,NA,NA
3,1,10,CMP,YPS615
3,2,10,NA,NA
3,3,10,CCP,IFO_0877:6-1
3,4,10,NA,NA
3,5,10,SACE_YCQ,YJM1417
3,6,10,NA,NA
3,7,10,BNP,DBVPG1714
3,8,10,NA,NA
3,9,10,BQN,DBVPG4186
3,10,10,NA,NA
3,11,10,BVF,SM.9.2.BR3(L)
3,12,10,NA,NA
3,13,10,CAF,C-3
3,14,10,NA,NA
3,15,10,CKT,CLI_24
3,16,10,NA,NA
3,1,11,JLR,P3-D5
3,2,11,AEK,CBS4079
3,3,11,ANG,YPS141
3,4,11,AMK,SJ6L01
3,5,11,BLI,DBVPG1629
3,6,11,JLZ,YQ5
3,7,11,SACE_YBT,YJM1304
3,8,11,AQA,CBS4903
3,9,11,BPM,DBVPG1880
3,10,11,AMR,SJ5L16
3,11,11,BTH,ZP_577
3,12,11,BGM,CLIB560
3,13,11,CBC,D-18
3,14,11,BNQ,DBVPG1719
3,15,11,CKQ,CLI_21
3,16,11,NA,NA
3,1,12,CMQ,YPS617
3,2,12,NA,NA
3,3,12,CCS,Ksc73-2D
3,4,12,NA,NA
3,5,12,SACE_YCR,YJM1418
3,6,12,NA,NA
3,7,12,BPC,DBVPG1798
3,8,12,NA,NA
3,9,12,BQP,DBVPG4297
3,10,12,NA,NA
3,11,12,BVG,SM.9.4.BL2
3,12,12,NA,NA
3,13,12,CRL,C-6
3,14,12,NA,NA
3,15,12,CLP,K15
3,16,12,NA,NA
3,1,13,CMS,YPS670
3,2,13,AFB,CBS7371
3,3,13,ANQ,L-1191
3,4,13,AML,SJ5L11
3,5,13,BLN,DBVPG1659
3,6,13,AFT,CBS1464
3,7,13,SACE_YBW,YJM1326
3,8,13,AQI,CBS8292
3,9,13,BPT,DBVPG1960
3,10,13,ANS,RIB0002
3,11,13,BTL,L-304
3,12,13,BHD,CLIB1059
3,13,13,CBG,DBVPG1978
3,14,13,NA,NA
3,15,13,CLI,K5
3,16,13,NA,NA
3,1,14,AKE,NPA03.1
3,2,14,NA,NA
3,3,14,CDL,N51-1A
3,4,14,NA,NA
3,5,14,CGB,UCD_05-780
3,6,14,NA,NA
3,7,14,BPK,DBVPG1861
3,8,14,NA,NA
3,9,14,BRE,DBVPG4905
3,10,14,NA,NA
3,11,14,CRA,RB3-7Sc2
3,12,14,NA,NA
3,13,14,CAH,D-1
3,14,14,NA,NA
3,15,14,CLV,RIB1012
3,16,14,NA,NA
3,1,15,CNB,SM.8.2.C13
3,2,15,ACA,EM93_3
3,3,15,BEQ,EXF-4126
3,4,15,APK,YS10(E)
3,5,15,CCQ,Ksc2-2B
3,6,15,ANM,A-18
3,7,15,SACE_YCA,YJM1341
3,8,15,ARR,CBS2272
3,9,15,BQQ,DBVPG4317
3,10,15,AGB,CBS6308
3,11,15,BTN,L-475
3,12,15,BHM,CLIB1085
3,13,15,CBL,2
3,14,15,NA,NA
3,15,15,CLK,K9
3,16,15,NA,NA
3,1,16,AKH,NPA02-1
3,2,16,NA,NA
3,3,16,CDM,UFRJ_50613-2D(a)
3,4,16,NA,NA
3,5,16,CGK,Lx2
3,6,16,NA,NA
3,7,16,BPL,DBVPG1878
3,8,16,NA,NA
3,9,16,BRV,DBVPG6874
3,10,16,NA,NA
3,11,16,CRB,SC2-37
3,12,16,NA,NA
3,13,16,CAI,D-4
3,14,16,NA,NA
3,15,16,CMB,RIB1014
3,16,16,NA,NA
3,1,17,CNC,SM8.3.M5
3,2,17,ACB,TL229S2.2
3,3,17,BHV,DBVPG1014
3,4,17,BAE,DJ73
3,5,17,CCR,Ksc40-8A
3,6,17,ARA,CBS1239
3,7,17,SACE_YCB,YJM1342
3,8,17,AAC,CBS2165a
3,9,17,BQR,DBVPG4381
3,10,17,BDM,MAJ_A
3,11,17,BTV,M.14.1
3,12,17,BKH,DBVPG1523
3,13,17,CCE,CLQCA_20-221
3,14,17,CIA,SRC 147
3,15,17,CMF,RIB6001
3,16,17,NA,NA
3,1,18,AKS,CLQCA_09-001
3,2,18,NA,NA
3,3,18,SACE_YAW,YJM689
3,4,18,NA,NA
3,5,18,CGT,Lib39
3,6,18,NA,NA
3,7,18,BPV,DBVPG1976
3,8,18,NA,NA
3,9,18,BSA,DBVPG6876
3,10,18,NA,NA
3,11,18,CRD,FIMA_3
3,12,18,NA,NA
3,13,18,CCC,CLQCA_20-156
3,14,18,NA,NA
3,15,18,CMC,RIB1015
3,16,18,NA,NA
3,1,19,CNE,SM.8.7.L8
3,2,19,ADQ,K12_2
3,3,19,BIM,DBVPG1122
3,4,19,AIA,CBS2180
3,5,19,CDP,N95-5-1A
3,6,19,CBR,NCYC_1187
3,7,19,SACE_YCH,YJM1386
3,8,19,AAP,CLIB326_1
3,9,19,BRB,DBVPG4686
3,10,19,BGB,CLIB550
3,11,19,BVC,RP.10.14
3,12,19,CDR,CECT10331:9-1
3,13,19,CCF,CLQCA_20-246
3,14,19,CIB,SRC 213
3,15,19,CMI,RIB6004
3,16,19,NA,NA
3,1,20,ANN,AY529516
3,2,20,NA,NA
3,3,20,SACE_YBS,YJM1273
3,4,20,NA,NA
3,5,20,NA,NA
3,6,20,NA,NA
3,7,20,BQA,DBVPG1994
3,8,20,NA,NA
3,9,20,BSK,D3742
3,10,20,NA,NA
3,11,20,BVT,B-24
3,12,20,NA,NA
3,13,20,CCD,CLQCA_20-184
3,14,20,NA,NA
3,15,20,CMD,RIB1016
3,16,20,NA,NA
3,1,21,CNF,SM.8.7.L9
3,2,21,AEA,CBS7958
3,3,21,BHK,CLIB1077
3,4,21,APP,CBS382
3,5,21,CDQ,N95-6-1C
3,6,21,CFG,Safale_S40
3,7,21,SACE_YCM,YJM1400
3,8,21,ADL,CLIB318_1
3,9,21,BRC,DBVPG4695
3,10,21,BGP,CLIB562
3,11,21,BVH,SM.9.4.BR1
3,12,21,CEI,GE14S01-7B
3,13,21,CCI,CLQCA_20-248
3,14,21,NA,NA
3,15,21,CMK,RIB6005
3,16,21,NA,NA
3,1,22,CLB,STG_1
3,2,22,NA,NA
3,3,22,SACE_YBZ,YJM1338
3,4,22,NA,NA
3,5,22,BMB,UWOPS03-433.3
3,6,22,NA,NA
3,7,22,BQB,DBVPG2049
3,8,22,NA,NA
3,9,22,CRG,L-846
3,10,22,NA,NA
3,11,22,BVV,ao_t-15
3,12,22,NA,NA
3,13,22,CCG,CLQCA_20-259
3,14,22,NA,NA
3,15,22,CMH,RIB6003
3,16,22,NA,NA
3,1,23,CNT,RP11.4.11
3,2,23,AFF,CBS1252
3,3,23,BIC,DBVPG1056
3,4,23,BAB,DJ68
3,5,23,CEC,DBVPG1620-1A
3,6,23,CFH,WLP039
3,7,23,CGD,UCD_09-448
3,8,23,ADM,CLIB324_2
3,9,23,BRD,DBVPG4902
3,10,23,BGE,CLIB553
3,11,23,BVK,4LBI-3
3,12,23,BLT,DBVPG1984
3,13,23,CHT,SC 33 F.
3,14,23,NA,NA
3,15,23,NA,NA
3,16,23,NA,NA
3,1,24,CLC,STG_2
3,2,24,NA,NA
3,3,24,SACE_YCI,YJM1387
3,4,24,NA,NA
3,5,24,BMC,UWOPS03-459.1
3,6,24,NA,NA
3,7,24,BQC,DBVPG2088
3,8,24,NA,NA
3,9,24,CRH,L-319
3,10,24,NA,NA
3,11,24,CAA,mai-18
3,12,24,NA,NA
3,13,24,CCH,CLQCA_20-314
3,14,24,NA,NA
3,15,24,NA,NA
3,16,24,NA,NA